plotID,siteID,diversity_shannon,MPD_phy_abundance,MPD_func_abundance,convexHull,sumSquares_sum,variance_sum,pc1_mean,pc1_sd,pc1_max,pc1_min,pc1_range,pc2_mean,pc2_sd,pc2_max,pc2_min,pc2_range,coefVariantion,NDVI_mean,NDVI_sd,NDVI_max,NDVI_min,NDVI_range,PRI_mean,PRI_sd,PRI_max,PRI_min,PRI_range,RVSI_mean,RVSI_sd,RVSI_max,RVSI_min,RVSI_range,reNDVI_mean,reNDVI_sd,reNDVI_max,reNDVI_min,reNDVI_range,SWIR1_mean,SWIR1_sd,SWIR1_max,SWIR1_min,SWIR1_range,SWIR2_mean,SWIR2_sd,SWIR2_max,SWIR2_min,SWIR2_range,NIR_mean,NIR_sd,NIR_max,NIR_min,NIR_range,chm_mean,empty_volume_mean,euphotic_depth_mean,euphotic_tla_mean,euphotic_volume_mean,filled_voxel_ratio_mean,lai_mean,max_lad_mean,max_lad_height_mean,mean_lad_height_mean,oligophotic_tla_mean,oligophotic_volume_mean,porosity_ratio_mean,quantile_10_mean,quantile_25_mean,quantile_50_mean,quantile_75_mean,quantile_90_mean,sd_lad_column_mean,toc_rugosity_mean,within_canopy_rugosity_mean,chm_sd,empty_volume_sd,euphotic_depth_sd,euphotic_tla_sd,euphotic_volume_sd,filled_voxel_ratio_sd,lai_sd,max_lad_sd,max_lad_height_sd,mean_lad_height_sd,oligophotic_tla_sd,oligophotic_volume_sd,porosity_ratio_sd,quantile_10_sd,quantile_25_sd,quantile_50_sd,quantile_75_sd,quantile_90_sd,sd_lad_column_sd,toc_rugosity_sd,within_canopy_rugosity_sd,chm_max,empty_volume_max,euphotic_depth_max,euphotic_tla_max,euphotic_volume_max,filled_voxel_ratio_max,lai_max,max_lad_max,max_lad_height_max,mean_lad_height_max,oligophotic_tla_max,oligophotic_volume_max,porosity_ratio_max,quantile_10_max,quantile_25_max,quantile_50_max,quantile_75_max,quantile_90_max,sd_lad_column_max,toc_rugosity_max,within_canopy_rugosity_max,chm_min,empty_volume_min,euphotic_depth_min,euphotic_tla_min,euphotic_volume_min,filled_voxel_ratio_min,lai_min,max_lad_min,max_lad_height_min,mean_lad_height_min,oligophotic_tla_min,oligophotic_volume_min,porosity_ratio_min,quantile_10_min,quantile_25_min,quantile_50_min,quantile_75_min,quantile_90_min,sd_lad_column_min,toc_rugosity_min,within_canopy_rugosity_min,chm_range,empty_volume_range,euphotic_depth_range,euphotic_tla_range,euphotic_volume_range,filled_voxel_ratio_range,lai_range,max_lad_range,max_lad_height_range,mean_lad_height_range,oligophotic_tla_range,oligophotic_volume_range,porosity_ratio_range,quantile_10_range,quantile_25_range,quantile_50_range,quantile_75_range,quantile_90_range,sd_lad_column_range,toc_rugosity_range,within_canopy_rugosity_range,latitude,longitude,dsm_mean,dtm_mean,eastness_mean,northness_mean,slope_mean,tpi_mean,tri_mean,dsm_sd,dtm_sd,eastness_sd,northness_sd,slope_sd,tpi_sd,tri_sd,dsm_max,dtm_max,eastness_max,northness_max,slope_max,tpi_max,tri_max,dsm_min,dtm_min,eastness_min,northness_min,slope_min,tpi_min,tri_min,dsm_range,dtm_range,eastness_range,northness_range,slope_range,tpi_range,tri_range,HARV,MLBS,ORNL,SERC,TALL
MLBS_001,MLBS,0.861625651,102.4445908,0.100907383,0.154758565,0.364858082,0.325217,0.036520031,0.01012303,0.0979,0.00865,0.08925,0.198918758,0.570188148,1.781382757,-1.352885473,3.134268231,0.441159502,0.875308455,0.050472314,0.954332186,0.489297297,0.465034889,-0.040133752,0.017968043,0.056,-0.089615932,0.145615932,-0.026984469,0.00866662,-0.005575,-0.0492,0.043625,0.496425654,0.064896355,0.702184874,0.243322204,0.45886267,0.14217463,0.0311268,0.22469,0.047853333,0.176836667,0.054319062,0.013341687,0.119311392,0.013712658,0.105598734,0.339330321,0.084568732,0.579272273,0.125124091,0.454148182,14.3424668,40,7.333333333,0.938293334,733.3333333,0.964046665,1.443569787,0.24931833,8.6,5.866666667,0.50526666,353.3333333,0.035953333,2,3.4,5.966666667,8.4,10.06666667,0.074206667,47340.10025,0.015556232,0.533954813,50.70925528,1.175139303,0.134561664,117.5139303,0.045729469,0.207015399,0.04233952,2.848558533,0.351865775,0.072454266,118.7233679,0.045729466,0,0.430945804,0.549891764,0.430945804,0.776132046,0.01091928,44832.07073,0.003312143,15.08100033,100,9,1.180999994,900,1,1.816995621,0.321023941,12,6,0.635999978,600,0.100000001,2,4,7,9,11.5,0.093800001,88034.39844,0.021100413,13.22700024,0,5,0.745000005,500,0.899999976,1.146226048,0.19981584,5,5,0.401199996,200,0,2,3,5,8,9,0.055300001,666.6000366,0.009830027,1.854000092,100,4,0.43599999,400,0.100000024,0.670769572,0.121208102,7,1,0.234799981,400,0.100000001,0,1,2,1,2.5,0.0385,87367.7984,0.011270386,37.360694,-80.524985,1322.334855,1307.992407,-0.194408699,0.27083258,5.20610863,0.02104841,0.712411063,1.069275694,1.055720089,0.75979121,0.608957542,0.394733579,0.064164018,0.061739654,1323.947021,1309.828979,0.96515274,0.998973072,5.950594425,0.107666016,0.765487671,1320.371948,1306.380005,-0.984115303,-0.939161599,4.459156513,-0.062255859,0.607513428,3.575073242,3.448974609,1.949268043,1.93813467,1.491437912,0.169921875,0.157974243,0,1,0,0,0
MLBS_002,MLBS,0.982479364,72.92262651,0.053808418,0.125501563,0.619295357,0.458300074,0.036694375,0.009093915,0.07085,0.014,0.05685,0.401049789,0.676917554,2.29298191,-1.37469826,3.66768017,0.442191999,0.884933838,0.044706074,0.949081164,0.594557823,0.354523341,-0.021932606,0.016154655,0.046632124,-0.067758749,0.114390873,-0.027587109,0.00963575,-0.005825,-0.055475,0.04965,0.531342678,0.055029437,0.664945496,0.311915608,0.353029889,0.152876594,0.036861483,0.266385833,0.056436667,0.209949167,0.05624173,0.013548097,0.102792405,0.021143038,0.081649367,0.370350277,0.099497382,0.640655,0.116791364,0.523863636,21.48587489,56.25,8.875,1.280099995,887.5,0.96845625,1.969390906,0.24307734,14.9375,10.5,0.689287499,900,0.03154375,2.96875,5.125,9.5,13.71875,15.875,0.072693749,1273.631166,0.014105372,0.879767862,51.23475383,1.5,0.183711029,150,0.028839046,0.282649378,0.04747134,4.493977451,0.730296743,0.098930601,126.4911064,0.028839047,0.125,0.288675135,0.516397779,0.729583214,0.885061203,0.017753027,464.4457514,0.004534418,22.70199966,100,12,1.612599969,1200,1,2.480941057,0.333167702,19,12,0.868300021,1100,0.0625,3,6,10,15,17,0.1153,2444.900391,0.020433579,19.70100021,0,7,0.95690000099999994,700,0.9375,1.472056389,0.162602276,5,9,0.515200019,700,0,2.5,5,9,12,14,0.046300001,471.1004333,0.004223776,3.000999451,100,5,0.655699968,500,0.0625,1.008884668,0.170565426,14,3,0.353100002,400,0.0625,0.5,1,1,3,3,0.068999998,1973.799957,0.016209803,37.372044,-80.524241,1194.406273,1172.92038,0.262950438,0.341042571,5.635590985,-0.110206604,0.826221466,1.800897198,1.194906732,0.659840436,0.658377386,1.583055284,0.331562634,0.207410434,1196.947021,1175.213013,0.93476665,0.99826771,8.63524437,0.602050781,1.190124512,1191.827026,1170.973999,-0.93144393,-0.938153684,3.292675495,-0.734375,0.532028198,5.119995117,4.239013672,1.86621058,1.936421394,5.342568874,1.336425781,0.658096313,0,1,0,0,0
MLBS_003,MLBS,0.563383724,56.61474024,0.042713306,0.135928767,0.274468783,0.270202282,0.038906813,0.011372456,0.0962,0.0061,0.0901,0.064663366,0.519685433,1.482768388,-1.541041734,3.023810122,0.448685708,0.859044739,0.046231146,0.946919431,0.627035027,0.319884404,-0.030201654,0.018660923,0.056994819,-0.075586447,0.132581265,-0.024366703,0.007495115,-0.006,-0.0481,0.0421,0.481348508,0.060489015,0.674325674,0.287749288,0.386576387,0.142655736,0.031769233,0.236470833,0.03615,0.200320833,0.057450441,0.014941429,0.124607595,0.011397468,0.113210127,0.311435544,0.075335715,0.539693636,0.104484545,0.435209091,23.97726657,46.66666667,9.666666667,0.980079989,966.6666667,0.976766666,1.507786258,0.209020356,18.66666667,12.6,0.527706667,1073.333333,0.023233333,3,5.9,10.7,15.53333333,18.4,0.059846668,1446.253719,0.013706994,1.01165474,51.63977795,3.086066999,0.192503952,308.6066999,0.025780994,0.296151039,0.034951265,4.700557211,1.183215957,0.103648323,265.8320272,0.025780992,0,0.280305955,0.49280538,0.812110713,0.985610761,0.009000624,507.4309868,0.006226521,25.79100037,100,15,1.388499975,1500,1,2.13607502,0.261754006,23,15,0.747600019,1400,0.0526,3,6,11.5,17,20,0.0757,2304.300049,0.023638656,22.41799927,0,6,0.64319998,600,0.947399974,0.989511967,0.14819181,9,11,0.346300006,600,0,3,5,10,14.5,17,0.043200001,729.4006348,0.007508329,3.373001099,100,9,0.745299995,900,0.052600026,1.146563053,0.113562196,14,4,0.401300013,800,0.0526,0,1,1.5,2.5,3,0.032499999,1574.899414,0.016130328,37.368524,-80.526977,1242.792944,1218.815666,-0.42975392,-0.10040528,8.096914083,-0.048620605,1.112150574,1.872719154,1.748139957,0.628331285,0.681257782,0.469450292,0.117420404,0.070237893,1245.583984,1221.286987,0.910643935,0.814202309,8.699514389,0.08996582,1.198364258,1240.489014,1216.172974,-0.998404205,-0.996974528,6.882510662,-0.302734375,0.969009399,5.094970703,5.114013672,1.90904814,1.811176836,1.817003727,0.392700195,0.229354858,0,1,0,0,0
MLBS_004,MLBS,1.492788795,76.41799771,0.087419635,0.073564657,0.431638101,0.421862067,0.02561425,0.009538373,0.0609,0.0042,0.0567,0.098741074,0.649439055,1.804639697,-1.603438537,3.408078234,0.419315691,0.918682254,0.011445791,0.946227233,0.83127572,0.114951513,0.013463626,0.020822555,0.095435685,-0.059203445,0.154639129,-0.014949188,0.008069567,0.00285,-0.0474,0.05025,0.636004394,0.051359578,0.763170614,0.401689708,0.361480906,0.126265496,0.041727949,0.246331667,0.02996,0.216371667,0.04257778,0.015635717,0.096794937,0.008977215,0.087817722,0.337793605,0.088765412,0.553987273,0.08962,0.464367273,28.45759989,100,17.73333333,2.150773327,1773.333333,0.958566666,3.308868456,0.381840894,13.26666667,11.4,1.158099993,733.3333333,0.041433334,3.166666667,7,12.96666667,19.13333333,22.8,0.103020001,2757.199475,0.037117825,3.400000485,155.8387445,3.863134676,0.488957303,386.3134676,0.061139501,0.752241999,0.100517503,6.295879227,2.501428163,0.263271894,249.7617913,0.06113951,0.523268118,0.9258201,1.827045494,2.559761894,2.827164152,0.032641981,1373.358984,0.016365461,32.23799896,600,26,2.822700024,2600,1,4.342635632,0.621031225,25,15,1.519899964,1100,0.230800003,4,8,15,22,26,0.185200006,6097.499023,0.083201908,17.39599991,0,9,0.986299992,900,0.769200027,1.517378569,0.215246722,5,6,0.531099975,300,0,2,4,7,11,13.5,0.053399999,966.0001831,0.020477699,14.84199905,600,17,1.836400032,1700,0.230799973,2.825257063,0.405784503,20,9,0.988799989,800,0.230800003,2,4,8,11,12.5,0.131800007,5131.49884,0.062724208,37.429337,-80.511885,915.7343262,887.2767375,0.0072772,-0.177977266,10.4578087,0.148284912,1.47962265,4.865565783,2.417723508,0.648127504,0.7827856,3.617383067,0.426104491,0.457162328,920.2949829,890.1959839,0.935899377,0.958571315,15.28316116,0.848144531,2.107620239,899.6760254,882.2800293,-0.927673042,-0.999171317,4.662721634,-0.579650879,0.934867859,20.61895752,7.91595459,1.863572419,1.957742631,10.62043953,1.42779541,1.17275238,0,1,0,0,0
MLBS_005,MLBS,0.54218172,50.16304146,0.037166226,0.126155759,0.318027344,0.19145879699999999,0.050034594,0.010915694,0.09745,0.0253,0.07215,0.355073361,0.437423873,1.577113525,-1.28292339,2.860036915,0.422461363,0.845005131,0.045083734,0.919381006,0.588462412,0.330918594,-0.040954341,0.013878602,0.020487805,-0.077186964,0.097674769,-0.028894266,0.007724426,-0.0074,-0.05255,0.04515,0.4534054,0.048324353,0.628532974,0.283987275,0.3445457,0.168430577,0.02553521,0.249495833,0.069201667,0.180294167,0.071108085,0.013153197,0.121136709,0.032229114,0.088907595,0.342090632,0.066185923,0.527866818,0.120953636,0.406913182,20.41446673,186.6666667,9.8,1.131053336,980,0.912926674,1.740052223,0.25244392,11.4,9.066666667,0.609006663,726.6666667,0.087073333,2.7,5.1,9.4,12.83333333,15.13333333,0.072266667,7437.165849,0.013092883,3.665958589,364.2343568,2.512824251,0.239055145,251.2824251,0.115370464,0.367775161,0.054378546,4.954074802,1.099783528,0.128721339,475.7950739,0.115370462,0.560611911,0.849369514,3.235958679,2.311977097,1.674031347,0.010858616,9878.491351,0.008608996,33.46099854,1500,13,1.718899965,1300,1,2.644459963,0.36687687,18,11,0.925599992,2200,0.5,4,8,21,21,21,0.102300003,38013.39844,0.026592245,18.33399963,0,6,0.741699994,600,0.5,1.141070962,0.173408493,5,7,0.399399996,300,0,2,4,8,11.5,14,0.057700001,542.6002197,0.005595709,15.1269989,1500,7,0.977199972,700,0.5,1.503389001,0.193468377,13,4,0.526199996,1900,0.5,2,4,13,9.5,7,0.044600002,37470.79822,0.020996537,37.363102,-80.521592,1286.300806,1265.886344,0.097175644,0.269948387,8.605122149,-0.16813521,1.186123935,3.445685327,1.556139957,0.751865271,0.643088148,2.55682983,0.218257754,0.397144786,1297.515991,1269.042969,0.999182284,0.975281358,13.66472054,0.185302734,1.985366821,1283.802002,1263.865967,-0.993674934,-0.999325514,6.279366493,-0.482299805,0.881118774,13.71398926,5.177001953,1.992857218,1.974606872,7.385354042,0.667602539,1.104248047,0,1,0,0,0
MLBS_006,MLBS,0.837547771,350.8889416,0.102370433,0.132368344,0.39563998,0.381440464,0.033546875,0.011520527,0.1002,0.0084,0.0918,0.119059089,0.617501208,1.840391501,-1.483360688,3.323752188,0.434311472,0.873139803,0.039222989,0.929400387,0.70070372,0.228696667,-6.02998e-4,0.015938499,0.064516129,-0.045389393,0.109905522,-0.022435234,0.007318449,-0.00515,-0.047075,0.041925,0.547181194,0.052877864,0.65571205,0.33900865,0.3167034,0.140535686,0.042125746,0.274579167,0.0382375,0.236341667,0.051608659,0.017105367,0.138112025,0.01256519,0.125546835,0.32642973,0.084393199,0.567905455,0.112295909,0.455609545,23.41531217,162.5,8.0625,0.923087489,806.25,0.921425,1.420115959,0.209461863,17.5,11.875,0.497024992,1187.5,0.078575002,2.90625,5.75,10.5,15.25,18,0.070899999,2554.518513,0.014654961,1.780323021,131.0216267,0.928708781,0.188577356,92.87087811,0.062804017,0.290123175,0.037346225,1.788854382,1.087811258,0.101543273,162.788206,0.06280402,0.455292946,0.605530071,0.98319208,1.303840481,1.712697677,0.013779453,1128.285421,0.004558232,26.35899925,400,10,1.193799973,1000,1,1.836611629,0.255369633,21,14,0.642799973,1400,0.190500006,3.5,7,12,17.5,21,0.093999997,4840.700195,0.024238972,18.89599991,0,7,0.530300021,700,0.809499979,0.815787613,0.132778347,15,10,0.28549999,800,0,2,4.5,8,12,14,0.0385,811.5997314,0.009559914,7.462999344,400,3,0.663499951,300,0.190500021,1.020824015,0.122591287,6,4,0.357299984,600,0.190500006,1.5,2.5,4,5.5,7,0.055499997,4029.100464,0.014679058,37.426796,-80.564062,801.3509979,777.9356918,0.21168956,0.394916081,2.263157308,0.026184082,0.322247982,1.854753286,0.466161769,0.694166406,0.608805168,0.48525832,0.104007973,0.061409844,804.2639771,778.8499756,0.981300712,0.978269637,3.189920664,0.207702637,0.434120178,796.3480225,777.3179932,-0.843328953,-0.797273576,1.510209441,-0.120727539,0.207733154,7.91595459,1.531982422,1.824629664,1.775543213,1.679711223,0.328430176,0.226387024,0,1,0,0,0
MLBS_009,MLBS,1.181738553,88.57096916,0.076878795,0.241589883,0.413261432,0.287449427,0.056514921,0.021290658,0.1485,0.0191,0.1294,0.353577059,0.535720202,1.888023193,-1.208380586,3.096403779,0.458204129,0.799957915,0.088689994,0.923839332,0.487327559,0.436511774,-0.039773083,0.017380053,0.039800995,-0.098305085,0.13810608,-0.025303937,0.008956892,-0.00415,-0.05055,0.0464,0.422425599,0.079995944,0.596378601,0.200111794,0.396266807,0.181463961,0.039637053,0.3709,0.073795,0.297105,0.079169365,0.025467142,0.196929114,0.028621519,0.168307595,0.329048997,0.078613816,0.554859091,0.128781818,0.426077273,19.60079969,53.33333333,8.333333333,0.924519996,833.3333333,0.966846673,1.422322051,0.193834202,14.53333333,9.133333333,0.497806668,780,0.033153333,2.566666667,4.766666667,8.566666667,12.4,14.76666667,0.060486667,5532.346749,0.255302702,1.013931316,51.63977795,1.988059595,0.158476487,198.8059595,0.032184393,0.243819253,0.031646278,4.517690097,1.125462868,0.08532974,233.6052837,0.032184398,0.457737708,0.416904694,0.495215201,0.712139633,0.530049414,0.010387621,8728.998009,0.241570603,21.4810009,100,12,1.207599998,1200,1,1.857907534,0.249023274,19,11,0.650300026,1100,0.066699997,3,5,9,14,16,0.078400001,22652.09961,0.55956769,18.02499962,0,6,0.74970001,600,0.933300018,1.153364062,0.121616662,6,7,0.403699994,400,0,2,4,8,11.5,14,0.037300002,799.0997314,0.008128106,3.456001282,100,6,0.457899988,600,0.066699982,0.704543471,0.127406612,13,4,0.246600032,700,0.066699997,1,1,1,2.5,2,0.041099999,21852.99988,0.551439584,37.374427,-80.518481,1197.558545,1177.957739,-0.167470641,-0.050868636,4.774848193,0.142272949,0.658813477,1.674548643,1.01738714,0.721822068,0.716214527,1.150607739,0.036795173,0.086350422,1200.352051,1179.458984,0.996357381,0.972550631,7.000775814,0.193847656,0.78326416,1195.478027,1176.073975,-0.991779208,-0.987312734,2.847536802,0.108032227,0.583740234,4.874023438,3.385009766,1.98813659,1.959863365,4.153239012,0.08581543,0.199523926,0,1,0,0,0
MLBS_010,MLBS,0.705397924,80.41651579,0.029619007,0.153711272,0.313368363,0.302277926,0.0467605,0.013694489,0.0949,0.01405,0.08085,0.103908621,0.549627498,1.771349306,-1.298308536,3.069657842,0.429269979,0.827510614,0.065532266,0.937888199,0.522263451,0.415624748,-0.033437421,0.016225711,0.045392022,-0.076838639,0.122230661,-0.023291313,0.00856358,-0.00545,-0.051875,0.046425,0.450766559,0.066538342,0.667335563,0.236817761,0.430517802,0.154192484,0.034155804,0.266456667,0.06564,0.200816667,0.065606037,0.017244466,0.118450633,0.022403797,0.096046835,0.307173811,0.080135231,0.548571364,0.124284545,0.424286818,17.31849992,43.75,8.6875,0.953562498,868.75,0.968050003,1.467002042,0.227679049,10.125,7.625,0.513443746,512.5,0.03195,2.03125,4.1875,7.53125,10.6875,13,0.0634875,1644.094025,0.015544207,1.235527995,51.23475383,1.352466882,0.148079758,135.2466882,0.03785287,0.227813849,0.07113172,4.616997581,1.024695077,0.079727579,174.642492,0.037852873,0.125,0.442530602,0.670043531,0.963932916,1.197219,0.017546087,399.0496789,0.002972247,19.38400078,100,11,1.307000041,1100,1,2.010705233,0.422628045,16,9,0.703700006,800,0.090899996,2.5,5,9,12,15,0.107299998,2364.799316,0.019948691,14.41600037,0,6,0.698700011,600,0.909099996,1.074900746,0.136596709,5,5,0.376199991,200,0,2,3.5,6,8.5,10.5,0.036400001,1128.499756,0.011184414,4.968000412,100,5,0.60830003,500,0.090900004,0.935804486,0.286031336,11,4,0.327500015,600,0.090899996,0.5,1.5,3,3.5,4.5,0.070899997,1236.299561,0.008764277,37.365557,-80.526339,1254.540932,1237.222443,0.042409732,-0.072396756,4.558283284,0.153305054,0.660402298,1.11769597,1.000304363,0.681779814,0.770930445,1.433880214,0.329891427,0.184229435,1257.036011,1238.739014,0.981305718,0.963281095,7.020418167,0.535766602,1.017150879,1252.83606,1235.494019,-0.990935206,-0.996763468,2.269296169,-0.767211914,0.415527344,4.199951172,3.244995117,1.972240925,1.960044563,4.751121998,1.302978516,0.601623535,0,1,0,0,0
MLBS_011,MLBS,1.076568911,81.27495586,0.074812388,0.0995097,0.365073385,0.16913887,0.041870969,0.008987425,0.08175,0.02065,0.0611,0.442335087,0.41116675,1.582356762,-0.937923238,2.52028,0.45358764,0.868363503,0.034653385,0.919678715,0.668337328,0.251341386,-0.03898077,0.013025446,0.006501951,-0.115666179,0.122168129,-0.030691422,0.006979264,-0.01105,-0.0511,0.04005,0.48151489,0.051860971,0.600764958,0.332608696,0.268156262,0.161872251,0.022060636,0.243073333,0.078035833,0.1650375,0.062020384,0.011016952,0.112375949,0.028950633,0.083425316,0.367750424,0.063869271,0.551491364,0.184295909,0.367195455,15.84021412,42.85714286,8.642857143,1.114071425,864.2857143,0.964128571,1.713974212,0.347210264,7.785714286,6.714285714,0.599900009,357.1428571,0.035871428,2,3.964285714,6.607142857,9.321428571,11.42857143,0.095671429,1276.157017,0.038240364,0.817940873,51.3552591,1.499083969,0.277722546,149.9083969,0.043159801,0.427256675,0.140901854,3.964817804,0.726273039,0.149538567,139.8586414,0.0431598,0,0.133630621,0.446291188,0.668153105,0.780954614,0.042933498,245.0264959,0.010441531,17.51000023,100,11,1.864300013,1100,1,2.868196011,0.720950127,14,8,1.003900051,700,0.090899996,2,4,7,11,13,0.209600002,1815.100464,0.058514882,14.46399975,0,6,0.760399997,600,0.909099996,1.169927835,0.168014511,5,6,0.409500003,200,0,2,3.5,6,8.5,10.5,0.0403,871.5993652,0.025956862,3.046000481,100,5,1.103900015,500,0.090900004,1.698268175,0.552935615,9,2,0.594400048,500,0.090899996,0,0.5,1,2.5,2.5,0.169300001,943.5010986,0.03255802,37.359447,-80.521145,1299.835353,1283.995143,0.049482847,-0.380495004,6.294041246,0.080464681,1.015627543,1.603980629,1.296260328,0.69318649,0.655071862,1.276661203,0.09361513,0.099143406,1301.755981,1286.207031,0.988389969,0.995319068,8.591337204,0.184204102,1.176483154,1296.878052,1281.579956,-0.954044759,-0.999109089,4.2116518020000004,-0.086425781,0.904876709,4.877929688,4.627075195,1.942434728,1.994428158,4.379685402,0.270629883,0.271606445,0,1,0,0,0
MLBS_012,MLBS,0.755102386,68.02239646,0.048533159,0.148694809,0.389921899,0.30108912,0.037311875,0.010876585,0.0827,0.0063,0.0764,0.297853426,0.548608075,2.009472776,-1.481622858,3.491095634,0.501639671,0.876359588,0.041902054,0.934146814,0.632458234,0.30168858,-0.03784886,0.018210111,0.047318612,-0.086119554,0.133438166,-0.028944219,0.008302719,-0.0049,-0.0577,0.0528,0.482670896,0.061234098,0.634554974,0.307768595,0.326786379,0.14806569,0.032935193,0.25655,0.032506667,0.224043333,0.055935643,0.014547682,0.111259494,0.010103797,0.101155696,0.351803498,0.079240819,0.600678182,0.101697273,0.498980909,12.32306658,66.66666667,6.2,0.710486666,620,0.922933328,1.093052542,0.272477201,6.866666667,4.6,0.382559999,266.6666667,0.077066667,2,2.966666667,4.833333333,6.866666667,8.266666667,0.09358,1530.893416,0.040755772,1.369060684,48.79500365,1.264911064,0.12231283,126.4911064,0.057805448,0.188170808,0.11533656,2.503331114,0.985610761,0.065856108,97.59000729,0.057805446,0,0.399404318,0.723746864,1.125462868,1.208107532,0.042370662,497.0402261,0.016028344,14.02099991,100,8,0.899600029,800,1,1.384024739,0.590699434,12,6,0.484400004,400,0.142900005,2,4,6,8,10.5,0.208199993,2319.399658,0.0702729,9.479000092,0,5,0.498199999,500,0.85710001,0.766502142,0.141822264,5,3,0.268299997,100,0,2,2,3.5,5,6,0.043299999,742.7996826,0.01834894,4.541999817,100,3,0.40140003,300,0.14289999,0.617522597,0.448877171,7,3,0.216100007,300,0.142900005,0,2,2.5,3,4.5,0.164899994,1576.599976,0.05192396,37.357282,-80.522507,1297.701123,1285.378076,-0.154758871,0.105265175,9.741539568,0.305582682,1.373778025,2.558980007,1.956264225,0.813370733,0.606406011,1.679148569,0.360882073,0.284634517,1301.738037,1288.292969,0.988338411,0.988210797,14.93286324,1.121704102,1.995147705,1293.140015,1282.161987,-0.999588847,-0.917384386,7.553730965,-0.238037109,1.008865356,8.598022461,6.130981445,1.987927258,1.905595183,7.379132271,1.359741211,0.986282349,0,1,0,0,0
MLBS_013,MLBS,1.334499965,97.67937075,0.097776281,0.045459937,0.54279782,0.218507645,0.029316375,0.006583379,0.05695,0.0124,0.04455,0.569277259,0.467401651,1.815015288,-0.942579308,2.757594596,0.406133755,0.924352611,0.010213938,0.946011997,0.865934066,0.080077931,0.008012832,0.011901879,0.052631579,-0.029632556,0.082264135,-0.016308031,0.00607411,-0.0014,-0.035575,0.034175,0.646594315,0.036412381,0.73728597,0.530615457,0.206670513,0.14805255,0.029854782,0.2435625,0.060118333,0.183444167,0.048360477,0.010854644,0.090007595,0.018391772,0.071615823,0.410488961,0.064637823,0.558290909,0.193072727,0.365218182,25.70887506,75,12.4375,1.8377374930000001,1243.75,0.965975009,2.827274024,0.301385935,15.625,12.125,0.989543758,981.25,0.034025,3,6.21875,11.6875,17.0625,20.25,0.085356249,1525.96875,0.01689157,0.946953266,57.73502692,1.931105038,0.207475797,193.1105038,0.026256766,0.319168678,0.080906832,3.930648801,0.718795288,0.111704994,160.0781059,0.02625677,0,0.363719214,0.573730483,0.655108134,0.930949336,0.017974092,332.9726703,0.004960866,27.66600037,200,16,2.165400028,1600,1,3.331355333,0.57820195,20,13,1.166000009,1200,0.090899996,3,7,13,18,22,0.130199999,2254.400146,0.023784403,24.00499916,0,9,1.506399989,900,0.909099996,2.317540407,0.243942648,9,11,0.811100006,600,0,3,6,11,16,19,0.063299999,965.6999512,0.010265572,3.661001205,200,7,0.659000039,700,0.090900004,1.013814926,0.334259301,11,2,0.354900002,600,0.090899996,0,1,2,2,3,0.0669,1288.700195,0.013518831,37.432503,-80.559607,841.227684,815.5188141,0.149780273,-0.036046815,9.901541591,0.080612183,1.385820866,2.449095419,2.023427606,0.689320064,0.75245517,0.832458587,0.219129275,0.10011711,845.5789795,818.4190063,0.997227967,0.982609987,10.92371368,0.447875977,1.513504028,837.8870239,812.0809937,-0.997269928,-0.978229642,7.873626709,-0.236083984,1.110496521,7.691955566,6.338012695,1.994497895,1.960839629,3.050086975,0.683959961,0.403007507,0,1,0,0,0
MLBS_014,MLBS,1.376318144,292.5303783,0.166625907,0.089391005,0.495783007,0.447807175,0.027583094,0.00945299,0.072,0.00335,0.06865,0.218943957,0.669117192,1.738454154,-1.671585859,3.410040013,0.404981812,0.917221998,0.014893754,0.958578369,0.832887701,0.125690668,0.011669806,0.018438638,0.13924050599999999,-0.05382242,0.193062927,-0.019969234,0.007655876,-2.5e-5,-0.042525,0.0425,0.625221604,0.039872336,0.774686307,0.490651965,0.284034341,0.13673868,0.041002101,0.266384167,0.024271667,0.2421125,0.04597816,0.015271239,0.112542405,0.006551266,0.105991139,0.352566127,0.093087701,0.564795455,0.090775455,0.47402,31.6050626,75,14.5,1.434156243,1450,0.973424997,2.206402533,0.200157763,20.0625,16.125,0.772231247,1356.25,0.026575,3.8125,7.8125,14.53125,21.34375,25.21875,0.05685625,2203.099846,0.016188616,1.699395768,57.73502692,4.427188724,0.343730931,442.7188724,0.019853312,0.528786981,0.057097471,7.809982928,3.15964133,0.185059386,521.4962448,0.019853312,0.403112887,0.442530602,0.921389349,1.375,1.471606265,0.016164981,584.7193889,0.002416136,34.63199997,200,23,2.071500063,2300,1,3.18694663,0.300719976,30,22,1.115399957,2300,0.064499997,4,8.5,16,24,28,0.088799998,3519.399658,0.020153474,28.74900055,0,8,0.882600009,800,0.935500026,1.357895851,0.096679792,6,11,0.475300014,700,0,3,7,13,19,23,0.030300001,1507.399536,0.010031381,5.88299942,200,15,1.188900054,1500,0.064499974,1.829050779,0.204040185,24,11,0.640099943,1600,0.064499997,1,1.5,3,5,5,0.058499997,2012.000122,0.010122093,37.417096,-80.557334,815.1801262,783.5750656,0.269855942,0.431681539,5.150563866,0.014759064,0.720478535,1.806462351,1.023415743,0.671394096,0.582621122,0.394909568,0.173610785,0.071920301,817.8880005,785.0640259,0.968799472,0.999965847,5.842819691,0.389831543,0.867134094,812.1079712,782.0410156,-0.99351877,-0.715597987,4.517041206,-0.241638184,0.6092453,5.780029297,3.023010254,1.962318242,1.715563834,1.325778484,0.631469727,0.257888794,0,1,0,0,0
MLBS_015,MLBS,1.540802341,156.9685788,0.127920754,0.117526217,0.456966824,0.361357662,0.028155406,0.008220522,0.0665,0.0068,0.0597,0.309096518,0.601074109,1.897691415,-1.465466362,3.363157777,0.426010783,0.91442209,0.021873804,0.953106682,0.672682016,0.280424666,0.008390108,0.016722853,0.094076655,-0.041926851,0.136003506,-0.018618172,0.006977779,0.00135,-0.03865,0.04,0.626486132,0.040063199,0.784377017,0.404732254,0.379644763,0.138167926,0.035851216,0.265995,0.038613333,0.227381667,0.045967762,0.013013205,0.102651899,0.010143038,0.092508861,0.36835713,0.08529201,0.571076364,0.107368182,0.463708182,33.60500009,50,16.42857143,1.63194286,1642.857143,0.983478576,2.510688058,0.216552098,20.5,17.14285714,0.878742852,1371.428571,0.016521429,4,8.142857143,15.57142857,22.92857143,27.14285714,0.057492858,42600.10025,0.019645944,1.070385867,51.88745217,3.837352567,0.295515898,383.7352567,0.017167459,0.454640914,0.054631621,9.112544186,1.703261255,0.159127715,356.1083919,0.017167464,0,0.36313652,0.615727926,0.82874193,1.167320591,0.011677228,42717.92005,0.007367756,36.35800171,100,22,2.151900053,2200,1,3.310630798,0.317585915,31,20,1.158699989,1800,0.034499999,4,9,17,25,30,0.074100003,84168.10156,0.037797783,32.54999924,0,11,1.142500043,1100,0.965499997,1.757729411,0.129316747,5,15,0.615199983,800,0,4,8,15,22,26,0.037500001,507.8983154,0.007574959,3.808002472,100,11,1.00940001,1100,0.034500003,1.552901387,0.188269168,26,5,0.543500006,1000,0.034499999,0,1,2,3,4,0.036600001,83660.20325,0.030222824,37.414692,-80.568193,818.9870039,785.3819972,0.063037587,-0.183019916,6.926931351,0.052505493,1.052438736,1.577229253,1.445794724,0.636248138,0.788598087,1.121077221,0.081325193,0.021395824,821.559021,787.507019,0.995729864,0.999968588,8.575892448,0.163208008,1.075256348,816.1060181,783.473999,-0.918078125,-0.985435009,4.942615986,-0.032592773,1.028617859,5.45300293,4.03302002,1.913807988,1.985403597,3.633276463,0.195800781,0.046638489,0,1,0,0,0
MLBS_016,MLBS,1.099107346,83.82217053,0.070284229,0.069786156,0.301820992,0.19338557,0.028719438,0.005214229,0.0585,0.0091,0.0494,0.329181056,0.439725348,1.498477798,-1.503731317,3.002209115,0.462609659,0.909419252,0.018669884,0.94217612,0.787595085,0.154581035,0.006191213,0.010849286,0.064615385,-0.035830619,0.100446004,-0.021488656,0.005787582,-0.00435,-0.04015,0.0358,0.616172158,0.029918125,0.697193501,0.4853672,0.2118263,0.141703574,0.023798276,0.220301667,0.040698333,0.179603333,0.046348472,0.00823547,0.085092405,0.013982278,0.071110127,0.370366377,0.065072428,0.527193636,0.104882727,0.422310909,30.65481269,137.5,12.5625,1.628656246,1256.25,0.949856244,2.505626887,0.263867152,20.5,16.75,0.876962498,1468.75,0.050143751,3.78125,7.6875,14.09375,20.53125,24.375,0.0770375,1970.181168,0.016078998,1.113731531,114.7460965,3.687252817,0.219195656,368.7252817,0.041623024,0.337251974,0.044886065,9.266426855,1.238278375,0.118035951,347.7906458,0.041623023,0.363719214,0.403112887,0.757600378,0.921389349,0.957427108,0.009876901,860.286002,0.010756957,32.3730011,300,20,2.052999973,2000,1,3.158437014,0.347973615,28,18,1.105399966,1900,0.111100003,4,8,15,22,26,0.089500003,3427.099121,0.040707059,27.950000760000002,0,8,1.248100042,800,0.888899982,1.920064449,0.20115861299999999,5,14,0.671999991,800,0,3,7,12,18,22,0.063199997,867.2996826,0.005242401,4.423000336,300,12,0.804899931,1200,0.111100018,1.238372564,0.146815002,23,4,0.433399975,1100,0.111100003,1,1,3,4,4,0.026300006,2559.799438,0.035464658,37.415017,-80.574951,790.2968674,759.6420593,-0.039425467,0.372838641,5.531634599,-0.049438477,1.036004543,1.584787002,1.268954814,0.576972167,0.764091546,0.952176198,0.810729694,0.24671644,792.9799805,761.7969971,0.913667619,0.998742521,7.09273386,1.292663574,1.476509094,788.0390015,757.5319824,-0.808926523,-0.979093313,4.021616936,-1.281982422,0.699623108,4.940979004,4.265014648,1.722594142,1.977835834,3.071116924,2.574645996,0.776885986,0,1,0,0,0
MLBS_017,MLBS,1.025262833,134.0797341,0.087655059,0.131228624,0.429401069,0.245373916,0.039050313,0.010089091,0.0812,0.0091,0.0721,0.428742683,0.495249559,1.859879668,-1.448699996,3.308579664,0.363640592,0.887024318,0.035034595,0.941821437,0.662026295,0.279795141,-0.035472552,0.01618189,0.027777778,-0.085945399,0.113723177,-0.028491094,0.006960514,-0.004425,-0.05125,0.046825,0.515236175,0.054442392,0.661798266,0.322262774,0.339535492,0.156493178,0.03098828,0.255225,0.031981667,0.223243333,0.05903665,0.013758185,0.113146835,0.011622785,0.101524051,0.371418794,0.070699235,0.570558182,0.121725909,0.448832273,10.02806246,68.75,4.3125,0.704525001,431.25,0.895437501,1.083881188,0.318741802,7.0625,3.375,0.37935625,225,0.104562503,1.78125,2.1875,3.84375,5.5625,6.0625,0.125018751,875.3812885,0.027813868,0.721623558,47.87135539,0.478713554,0.124432869,47.87135539,0.073818894,0.191439248,0.074479209,1.436140662,0.619139187,0.066985475,68.31300511,0.073818897,0.406970515,0.309569594,0.396600134,0.512347538,0.573730483,0.032256952,272.9205818,0.005730356,11.69200039,100,5,0.963400006,500,1,1.482147455,0.529007614,10,5,0.518700004,400,0.166700006,2,3,4.5,6.5,7.5,0.200900003,1559.399902,0.037862167,9.038999557,0,4,0.525200009,400,0.833299994,0.807952344,0.19846727,5,3,0.282799989,100,0,1,2,3,5,5.5,0.067000002,436.1998596,0.018581182,2.653000832,100,1,0.438199997,100,0.166700006,0.674195111,0.330540344,5,2,0.235900015,300,0.166700006,1,1,1.5,1.5,2,0.133900002,1123.200043,0.019280985,37.358817,-80.526049,1328.32338,1318.295303,0.185100901,0.076488585,1.751814812,0.118629456,0.273988724,0.687768892,0.300548506,0.683625241,0.746013521,0.88874461,0.141049826,0.091621917,1329.760986,1318.61499,0.994307101,0.99933368,3.454873323,0.383056641,0.448135376,1326.911987,1317.595947,-0.869718075,-0.990420222,0.185313344,-0.097290039,0.169998169,2.848999023,1.019042969,1.864025176,1.989753902,3.269559979,0.48034668,0.278137207,0,1,0,0,0
MLBS_020,MLBS,0.879113838,54.88767785,0.036844903,0.112784454,0.476209716,0.391678131,0.036155063,0.009955712,0.08405,0.00935,0.0747,0.290575503,0.625762746,2.191463689,-1.424767405,3.616231094,0.31678897,0.877724611,0.033283887,0.935460653,0.777858177,0.157602476,-0.003480716,0.012911374,0.075098814,-0.043229725,0.118328539,-0.025096344,0.008125388,-0.00485,-0.05255,0.0477,0.540258523,0.040448878,0.645790319,0.408395705,0.237394614,0.15138429,0.040407386000000003,0.297249167,0.045771667,0.2514775,0.05553991,0.015450359,0.128928481,0.015062025,0.113866456,0.349382297,0.086770097,0.577985,0.119133636,0.458851364,25.46068776,150,8.3125,1.002793763,831.25,0.932418745,1.542730637,0.231793808,19.75,13.5,0.539943751,1356.25,0.06758125,2.8125,6.34375,11.4375,16.5,19.875,0.07673125,2516.049633,0.082540214,1.441459483,136.6260102,1.25,0.190393206,125,0.061831119,0.292898337,0.039115041,1.483239697,1.095445115,0.102502918,136.4734406,0.061831117,0.359397644,0.539096466,0.793200269,1.169045194,1.62788206,0.012322485,1626.771422,0.153086381,27.52899933,400,11,1.286900043,1100,1,1.979781747,0.293168396,22,15,0.692900002,1600,0.190500006,3,7,13,18,22,0.095799997,6305.500977,0.393229663,22.65699959,0,6,0.694500029,600,0.809499979,1.068522215,0.143774867,17,12,0.374000013,1200,0,2,5.5,10,14.5,17,0.050099999,800.6994019,0.005867283,4.871999741,400,5,0.592400014,500,0.190500021,0.911259532,0.149393529,5,3,0.318899989,400,0.190500006,1,1.5,3,3.5,5,0.045699999,5504.801575,0.387362381,37.427124,-80.568442,811.760067,786.2993698,-0.313300157,-0.227070848,3.440383263,0.032142052,0.556235093,1.408558086,0.767003257,0.489208111,0.817094076,0.928790371,0.300491104,0.115055244,814.0189819,787.4719849,0.723886251,0.999876976,4.967001438,0.737915039,0.806625366,809.1190186,784.9860229,-0.952157557,-0.996761143,1.30537951,-0.313537598,0.303733826,4.899963379,2.485961914,1.676043808,1.996638119,3.661621928,1.051452637,0.502891541,0,1,0,0,0
MLBS_061,MLBS,1.673838785,148.9213009,0.107438103,0.230750182,0.541965009,0.302520291,0.04389606,0.01346245,0.1357,0.0133,0.1224,0.488968054,0.549853665,2.46877752,-1.298776451,3.767553971,0.306492446,0.856976318,0.057936104,0.929160602,0.549071618,0.380088984,-0.024726926,0.015626045,0.030075188,-0.071698113,0.101773301,-0.02789359,0.008096318,-0.00515,-0.056,0.05085,0.495778288,0.064805983,0.650298041,0.243909116,0.406388926,0.16984954,0.034291556,0.30587,0.055528333,0.250341667,0.066333268,0.017365804,0.175767089,0.020916456,0.154850633,0.3691306,0.080784478,0.645742727,0.129986364,0.515756364,17.99133339,40,8.333333333,1.144746657,833.3333333,0.972240003,1.761129554,0.243752786,11.6,7.533333333,0.616393336,606.6666667,0.027759999,2.066666667,4.2,7.7,11.16666667,13.56666667,0.0742,13146.27267,0.014525082,0.946258248,50.70925528,0.816496581,0.192096502,81.64965809,0.035376417,0.29550334,0.04419019,3.089151525,0.743223353,0.103416816,109.9783528,0.035376419,0.175932888,0.368394199,0.70203785,0.748013242,0.979552862,0.013282857,11161.81063,0.006199508,19.76600075,100,10,1.560099959,1000,1,2.400052547,0.309860647,16,9,0.839999974,800,0.076899998,2.5,5,9,12,15,0.096600004,28443.80078,0.027556069,16.33799934,0,7,0.799099982,700,0.923099995,1.22940588,0.189243272,5,6,0.430299997,400,0,2,4,7,10,12,0.055199999,778.1989746,0.007533887,3.428001404,100,3,0.760999978,300,0.076900005,1.170646667,0.120617375,11,3,0.409699976,400,0.076899998,0.5,1,2,2,3,0.041400004,27665.60181,0.020022182,37.376621,-80.5198,1187.926587,1169.935278,-0.06178096,0.17737086,2.715798438,0.003735352,0.375997925,1.232740976,0.59189633,0.785512706,0.641877964,0.560534965,0.171070657,0.0804141,1189.667969,1170.657959,0.998534441,0.991822183,3.930472851,0.282104492,0.463638306,1185.503052,1169.156006,-0.997526884,-0.977075875,1.592490196,-0.172485352,0.279098511,4.164916992,1.501953125,1.996061325,1.968898058,2.337982655,0.454589844,0.184539795,0,1,0,0,0
MLBS_062,MLBS,1.707758266,314.3223137,0.150642461,0.103291797,0.41314158,0.375302185,0.033695313,0.009150307,0.06985,0.0071,0.06275,0.194416216,0.612550779,2.135119054,-1.436909503,3.572028557,0.347689953,0.885958221,0.037499316,0.946344525,0.718056202,0.228288322,-0.021061826,0.020363588,0.083700441,-0.088223225,0.171923666,-0.026247297,0.00842885,-0.0047,-0.05245,0.04775,0.530425873,0.066129112,0.691691692,0.304709513,0.386982179,0.140923224,0.035763025,0.259093333,0.034931667,0.224161667,0.05141886,0.013682361,0.092358861,0.011142405,0.081216456,0.34102025,0.087837615,0.614844545,0.120832727,0.494011818,21.23049986,43.75,9.8125,1.454418752,981.25,0.975593753,2.23756326,0.259787532,13.9375,9.8125,0.783143755,793.75,0.02440625,3,5.09375,9.375,13.59375,15.84375,0.0763625,1378.900063,0.016469225,1.067995643,51.23475383,1.905037182,0.262928638,190.5037182,0.02867334,0.40449256,0.052869802,3.375771517,0.83416625,0.141569128,180.6239187,0.028673343,0,0.271952815,0.718795288,0.841006342,0.925900463,0.017379562,468.6187879,0.005429136,23.05999947,100,14,1.949000001,1400,1,2.998376131,0.363766164,18,11,1.049399972,1000,0.0625,3,6,11,15,18,0.118900001,2542.399902,0.024341037,19.1609993,0,6,0.996200025,600,0.9375,1.532578111,0.196060926,7,8,0.53640002,500,0,3,5,8,12,14.5,0.049800001000000003,519.9008789,0.009051858,3.899000168,100,8,0.952799976,800,0.0625,1.46579802,0.167705238,11,3,0.512999952,500,0.0625,0,1,3,3,3.5,0.0691,2022.499023,0.01528918,37.374217,-80.526231,1187.416496,1166.186005,0.188189512,-0.065655685,4.039499611,0.278823853,0.630897522,1.222110876,0.67437889,0.729131083,0.701897549,1.348341632,0.441252444,0.295695992,1189.849976,1167.463013,0.996308982,0.983373523,7.003503799,1.122436523,1.190383911,1184.465942,1165.275024,-0.988494635,-0.998638511,2.191731215,-0.038208008,0.366104126,5.384033203,2.187988281,1.984803617,1.982012033,4.811772585,1.160644531,0.824279785,0,1,0,0,0
MLBS_063,MLBS,1.695891219,277.0214054,0.148943316,0.133723635,0.321198153,0.309038094,0.0353565,0.010163805,0.0814,0.0099,0.0715,0.110093346,0.555819027,1.795469918,-1.390124696,3.185594614,0.323307942,0.871846113,0.046221482,0.942987457,0.60674656,0.336240897,-0.019585964,0.020456753,0.053763441,-0.083172147,0.136935588,-0.023434188,0.008054847,-0.00605,-0.05155,0.0455,0.524282992,0.068959991,0.723694779,0.270676692,0.453018087,0.140353742,0.032241815,0.24495,0.052765,0.192185,0.052719835,0.013647804,0.112117722,0.018268354,0.093849367,0.325441489,0.081398177,0.56552,0.120673636,0.444846364,21.11262512,18.75,9.875,1.05791251,987.5,0.9897625,1.627557643,0.202377939,13.6875,10.125,0.569643749,762.5,0.0102375,2.875,5.15625,9.25,13.46875,15.6875,0.05574375,1109.874931,0.01179612,1.011724805,40.31128874,1.962141687,0.198457801,196.2141687,0.022019048,0.305333439,0.039385148,5.700511673,0.957427108,0.106856922,221.7355783,0.022019048,0.288675135,0.35207717,0.632455532,1.056231509,0.87321246,0.011958538,335.7690514,0.002783862,22.50900078,100,14,1.491299987,1400,1,2.294340372,0.294203967,20,12,0.802999973,1100,0.055599999,3,6,10,15,17,0.074299999,1667.699463,0.0187428,19.38800049,0,6,0.746800005,600,0.944400012,1.149007797,0.13320066,5,8,0.402200013,400,0,2,5,8,12,14,0.033500001,554.199585,0.007995935,3.12100029,100,8,0.744499981,800,0.055599988,1.145332575,0.161003307,15,4,0.40079996,700,0.055599999,1,1,2,3,3,0.040799998,1113.499878,0.010746865,37.377487,-80.527932,1194.647125,1173.534508,0.226752052,-0.25438005,1.742140369,0.08000946,0.255954742,0.972502469,0.380930797,0.769400038,0.59230299,0.931447499,0.063682792,0.106443098,1196.420044,1173.984009,0.999980152,0.862218082,2.881967068,0.221069336,0.394622803,1193.043945,1172.732056,-0.980408013,-0.995971143,0.168659389,-0.007568359,0.101455688,3.376098633,1.251953125,1.980388165,1.858189225,2.713307679,0.228637695,0.293167114,0,1,0,0,0
MLBS_064,MLBS,1.113381479,113.8703976,0.071426632,0.129357942,0.664790344,0.294412406,0.041837188,0.00890676,0.084,0.0172,0.0668,0.608270051,0.542524723,2.247495348,-1.175203383,3.422698731,0.34778042,0.875857049,0.03883052,0.931755641,0.635758836,0.295996805,-0.02859439,0.015805553,0.021582734,-0.082513248,0.104095981,-0.029162563,0.007727295,-0.0052,-0.05155,0.04635,0.512553834,0.057977057,0.625621415,0.309198813,0.316422602,0.1736282,0.030658378,0.26126,0.075256667,0.186003333,0.06462307,0.012401999,0.113005696,0.026981013,0.086024684,0.391116185,0.080268244,0.637352727,0.132130909,0.505221818,18.82243752,56.25,8.5,1.197556246,850,0.964193758,1.842396542,0.242292538,12.8125,8.5,0.644843742,681.25,0.03580625,2.375,4.53125,8.15625,11.65625,14.0625,0.070893751,1673.800171,0.012826641,1.265633687,51.23475383,1.366260102,0.153203965,136.6260102,0.032778085,0.235719461,0.033172959,3.727711541,1.095445115,0.08251314,175.9498034,0.032778091,0.465474668,0.498957246,0.746519703,0.925900463,0.981070844,0.012000082,706.4086572,0.002385497,20.6420002,100,12,1.532199979,1200,1,2.357289314,0.303954244,17,10,0.825100005,900,0.071400002,3,5,9,13,15,0.1008,3383.999756,0.016731117,16.65699959,0,7,0.966600001,700,0.928600013,1.486986279,0.19437398,5,7,0.520399988,400,0,2,4,7,10,12,0.0548,898.0997314,0.008982623,3.98500061,100,5,0.565599978,500,0.071399987,0.870303035,0.109580263,12,3,0.304700017,500,0.071400002,1,1,2,3,3,0.046,2485.900024,0.007748494,37.37556,-80.520162,1193.843941,1175.021492,0.25082651,0.023241303,1.897392347,0.010299683,0.26385498,1.189111012,0.401767252,0.797925659,0.601911075,0.226289359,0.063254474,0.021299274,1195.860962,1175.595947,0.99999541,0.946674287,2.179676533,0.100952148,0.297348022,1192.11499,1174.415039,-0.995941699,-0.980278254,1.524948478,-0.11730957,0.227249146,3.74597168,1.180908203,1.995937109,1.926952541,0.654728055,0.218261719,0.070098877,0,1,0,0,0
MLBS_065,MLBS,1.636633258,150.5940844,0.108688438,0.153079108,0.393716422,0.36901912,0.039893719,0.01181633,0.088,0.0083,0.0797,0.15677661,0.607354504,1.993413026,-1.349096494,3.34250952,0.334947617,0.85365435,0.063059757,0.94780462,0.545376956,0.402427664,-0.024478283,0.021744024,0.050632911,-0.077411168,0.128044079,-0.023466859,0.008664562,-0.003075,-0.048375,0.0453,0.490034873,0.081948299,0.728693761,0.271378223,0.457315538,0.145969524,0.035035885,0.250381667,0.050885,0.199496667,0.058184146,0.015549185,0.114641772,0.01608481,0.098556962,0.326646667,0.08901734,0.589187273,0.126829091,0.462358182,22.85356247,50,8.0625,0.93251875,806.25,0.974099997,1.434650414,0.192014073,18.8125,11.75,0.502131244,1125,0.0259,3,5.59375,10.21875,14.75,17.3125,0.060275,1494.575356,0.012115455,1.328179212,51.63977795,1.123610253,0.160735239,112.3610253,0.026861425,0.247268975,0.03309327,2.428133714,1,0.086551963,173.2050808,0.026861422,0,0.490535422,0.706369828,0.966091783,1.352466882,0.012925298,650.0652183,0.003021434,24.7310009,100,10,1.175899982,1000,1,1.80898571,0.234193042,22,13,0.633099973,1300,0.058800001,3,6,11,16,19,0.078699999,3129.699707,0.017048389,20.22999954,0,6,0.731700003,600,0.941200018,1.125736952,0.126782805,14,10,0.393999994,700,0,3,5,9,13,15,0.031199999,821.5006104,0.008212659,4.501001358,100,4,0.444199979,400,0.058799982,0.683248758,0.107410237,8,3,0.239099979,600,0.058800001,0,1,2,3,4,0.047499999,2308.199097,0.00883573,37.373413,-80.524934,1186.819626,1163.96608,0.098238947,-0.210828995,2.246530682,-0.04309845,0.306127548,1.445398844,0.416017838,0.622326998,0.788460136,0.242054681,0.050209613,0.031341596,1188.597046,1164.654053,0.999965787,0.966712475,2.785163641,0.049682617,0.384994507,1183.587036,1163.357056,-0.976152122,-0.996483326,1.95876801,-0.119873047,0.261367798,5.010009766,1.29699707,1.976117909,1.963195801,0.826395631,0.169555664,0.123626709,0,1,0,0,0
MLBS_066,MLBS,1.402997969,144.3245707,0.102946561,0.125958594,0.312806591,0.312209852,0.035694844,0.011646237,0.0894,0.00755,0.08185,0.023711659,0.558636033,1.587406151,-1.442664443,3.030070594,0.312608025,0.867103618,0.059019397,0.953502415,0.636098981,0.317403434,-0.018500759,0.02295739,0.090452261,-0.073409462,0.163861723,-0.021654469,0.007577492,-0.0052,-0.0442,0.039,0.516245854,0.0788096,0.725553062,0.32602622,0.399526842,0.134669047,0.033478409,0.239059167,0.040580833,0.198478333,0.052904306,0.015381334,0.122303165,0.012775949,0.109527215,0.311268373,0.081077187,0.545065,0.122126818,0.422938182,23.49893749,137.5,10.3125,0.999987479,1031.25,0.955374997,1.538438346,0.208666621,13.8125,11.0625,0.538456255,968.75,0.044625,3.03125,5.84375,10.9375,15.0625,17.46875,0.05749375,5829.675056,0.014535584,4.453592035,445.5333882,2.414366722,0.211346115,241.4366722,0.123727849,0.325162783,0.054611963,6.665520735,1.652018967,0.113814952,472.8900506,0.123727849,0.464354391,1.179247642,3.919502519,2.909037642,2.445872373,0.013617021,6042.011439,0.002737197,39.45100021,1800,15,1.425799966,1500,1,2.193454027,0.325236201,22,14,0.767700016,2300,0.5,4.5,10,25.5,25.5,25.5,0.091899998,14353.2002,0.018312495,19.27899933,0,7,0.452899992,700,0.5,0.69665581,0.107204877,5,7,0.243799999,100,0,2,5,9,12,14,0.032000002,855.6001587,0.009510798,20.17200089,1800,8,0.972899973,800,0.5,1.496798217,0.218031324,17,7,0.523900017,2200,0.5,2.5,5,16.5,13.5,11.5,0.059899997,13497.60004,0.008801697,37.376908,-80.525885,1192.333809,1168.834892,0.295177845,0.192548257,1.030901082,-0.015647888,0.157291412,4.51133381,0.205373434,0.741385514,0.620104069,0.170851854,0.081383784,0.0262084,1208.514038,1169.264038,0.999969065,0.984499454,1.370281577,0.088989258,0.232543945,1188.238037,1168.493042,-0.951703548,-0.828939974,0.754179835,-0.232666016,0.118377686,20.27600098,0.770996094,1.951672614,1.813439429,0.616101742,0.321655273,0.11416626,0,1,0,0,0
MLBS_067,MLBS,1.171700011,242.7628336,0.127994425,0.146487259,0.354417437,0.335084075,0.037374813,0.010753074,0.0856,0.0109,0.0747,0.13879012,0.578764587,2.06478374,-1.609544794,3.674328534,0.371424089,0.865154513,0.041040554,0.931391586,0.635729239,0.295662346,-0.019493943,0.017909982,0.059259259,-0.071100917,0.130360177,-0.025642109,0.008383594,-0.0042,-0.056,0.0518,0.500485685,0.059608316,0.644103874,0.27298128,0.371122594,0.146161824,0.034670909,0.278738333,0.045678333,0.23306,0.055049564,0.014863518,0.108025316,0.018596203,0.089429114,0.325069034,0.082158723,0.576338182,0.081783636,0.494554545,20.471374869999998,56.25,10.25,1.198050011,1025,0.967237502,1.843151145,0.207404445,11.5,9.125,0.645100007,675,0.0327625,2.78125,5,9,12.90625,15.1875,0.0593375,1195.212612,0.012328528,0.920837879,51.23475383,1.570562532,0.211441737,157.0562532,0.029954538,0.325309962,0.054770928,4.939635614,0.885061203,0.113866399,211.3448998,0.029954541,0.363719214,0,0.483045892,0.779289206,0.83416625,0.013482032,401.5159853,0.002740649,22.44799995,100,13,1.633900046,1300,1,2.513691664,0.370390177,18,11,0.879800022,1000,0.0625,3,5,10,14.5,17,0.089100003,1898.400146,0.01618487,19.05500031,0,7,0.815999985,700,0.9375,1.255388021,0.137107551,5,8,0.439399987,400,0,2,5,8,12,14,0.044500001,564.7005005,0.008076664,3.392999649,100,6,0.817900062,600,0.0625,1.258303642,0.233282626,13,3,0.440400034,600,0.0625,1,0,2,2.5,3,0.044600002,1333.699646,0.008108206,37.37856,-80.52727,1191.582741,1171.111359,-0.119537017,0.117994957,1.537623584,0.012374878,0.212233543,1.050467452,0.283543379,0.84303854600000006,0.570841467,0.183716824,0.044894022,0.026044765,1193.912964,1171.480957,0.997447908,0.984463394,1.886484861,0.090698242,0.255340576,1190.060059,1170.67395,-0.999637187,-0.824089706,1.297379851,-0.059082031,0.179626465,3.852905273,0.807006836,1.997085094,1.8085531,0.58910501,0.149780273,0.075714111,0,1,0,0,0
MLBS_068,MLBS,1.561931836,184.1683612,0.108147031,0.134646745,0.417558115,0.371771499,0.035765313,0.009425109,0.0764,0.0099,0.0665,0.213821246,0.609657827,2.278443824,-1.57817514,3.856618964,0.375579418,0.872569038,0.051751345,0.941537951,0.607445008,0.334092942,-0.024848692,0.017819685,0.052287582,-0.071078431,0.123366013,-0.024879375,0.008619412,-0.0044,-0.0557,0.0513,0.516004794,0.069636782,0.697921946,0.276957494,0.420964452,0.145712497,0.03491963,0.27146,0.041328333,0.230131667,0.054326093,0.013432466,0.101702532,0.015643038,0.086059494,0.340764823,0.089389032,0.623885455,0.090255455,0.53363,22.0636251,56.25,8,1.096643742,800,0.971081253,1.68715138,0.255871426,17.0625,11.3125,0.59050625,1050,0.02891875,2.9375,5.28125,9.6875,14.1875,16.53125,0.075668751,1498.450008,0.0164312,1.458043857,72.74384281,1.825741858,0.161882251,182.5741858,0.037629585,0.24906499000000001,0.057018656,3.923752456,1.195477589,0.087177231,216.0246899,0.037629585,0.170782513,0.446047456,0.892094913,1.209338662,1.543467417,0.016254957,549.4696983,0.003186382,24.37899971,200,11,1.432100058,1100,1,2.203233004,0.404480994,22,15,0.771099985,1600,0.111100003,3,6,11,16,19,0.111299999,2637.400391,0.021059249,19.99300003,0,5,0.727199972,500,0.888899982,1.118688226,0.178308457,5,10,0.391499996,600,0,2.5,5,8.5,12,14.5,0.0449,654.9003906,0.011234632,4.38599968,200,6,0.704900086,600,0.111100018,1.084544778,0.226172537,17,5,0.379599988,1000,0.111100003,0.5,1,2.5,4,4.5,0.066399999,1982.5,0.009824617,37.375868,-80.528297,1188.978241,1166.914619,-0.041013374,0.179785842,3.352153555,0.03062439,0.450314522,1.915709988,0.665426721,0.637375779,0.790029591,0.95226032,0.125480166,0.117772808,1191.942993,1167.843018,0.788594067,0.996166825,4.80619812,0.260864258,0.636138916,1186.238037,1165.927002,-0.999986589,-0.989074051,1.928875923,-0.125732422,0.264633179,5.704956055,1.916015625,1.788580656,1.985240877,2.877322197,0.38659668,0.371505737,0,1,0,0,0
MLBS_069,MLBS,0.935888459,123.0816126,0.036901131,0.10226107,0.392336835,0.337500215,0.032603281,0.009330087,0.0659,0.0078,0.0581,0.23407402,0.580872761,1.874243432,-1.594951386,3.469194818,0.308122373,0.890956328,0.0396735,0.945736434,0.669651741,0.276084693,-0.017658046,0.019137078,0.073770491999999993,-0.080733036,0.154503528,-0.02519,0.007837248,-0.0034,-0.0498,0.0464,0.542913559,0.060292011,0.717171717,0.335061766,0.382109951,0.142003833,0.03454165,0.235611667,0.03675,0.198861667,0.050865455,0.013576219,0.088197468,0.0103,0.077897468,0.347923836,0.083310793,0.579512727,0.090554545,0.488958182,20.99886665,40,8.666666667,1.10472,866.6666667,0.978133337,1.699577928,0.23992813,15.13333333,10.06666667,0.594859991,873.3333333,0.021866666,2.833333333,5,9.1,13.36666667,15.6,0.071713334,1983.993453,0.017909336,1.256786329,50.70925528,2.193062655,0.24995884,219.3062655,0.027754703,0.384522718,0.049773835,4.703595383,1.486446706,0.134572994,308.1434422,0.027754707,0.361873432,0.377964473,0.686606562,1.109482934,1.038542935,0.012383968,870.4749637,0.005272774,23.53499985,100,12,1.646199942,1200,1,2.532565355,0.337803185,20,12,0.886399984,1300,0.055599999,3,6,10,15,18,0.089100003,3517.900391,0.026959667,18.90800095,0,5,0.734200001,500,0.944400012,1.129643798,0.151538759,5,7,0.395399988,300,0,2,4,8,11.5,14,0.045200001,739.9000244,0.011509779,4.626998901,100,7,0.911999941,700,0.055599988,1.402921557,0.186264426,15,5,0.490999997,1000,0.055599999,1,2,2,3.5,4,0.043900002,2778.000366,0.015449888,37.377731,-80.522844,1190.369059,1169.370207,0.052282131,0.426043663,1.353621349,0.017191569,0.177492778,1.260162071,0.304473056,0.66601914,0.653112122,0.242191233,0.065459532,0.02125242,1192.984009,1169.853027,0.979193866,0.999851286,1.797763228,0.100341797,0.211761475,1188.03894,1168.859985,-0.99297291,-0.99916631,0.935684919,-0.124755859,0.142120361,4.945068359,0.993041992,1.972166777,1.999017596,0.862078309,0.225097656,0.069641113,0,1,0,0,0
MLBS_070,MLBS,1.523881403,149.7445931,0.116043544,0.207027936,0.41893748,0.395781442,0.031795094,0.010399906,0.13695,0.0093,0.12765,0.152102323,0.629025663,1.828453168,-1.514484664,3.342937832,0.356146381,0.89442375,0.03801696,0.94438723,0.478665632,0.465721597,-0.01708752,0.019479292,0.0546875,-0.07660021,0.13128771,-0.023964594,0.008137777,-0.00515,-0.048525,0.043375,0.545058472,0.057677703,0.673929664,0.270597423,0.403332241,0.135385549,0.036602096,0.2722625,0.043888333,0.228374167,0.049084861,0.014894271,0.167666456,0.013542405,0.154124051,0.337123337,0.08930796,0.579500455,0.102281818,0.477218636,22.38006258,31.25,10.0625,1.247706257,1006.25,0.984000001,1.919557519,0.23378726,15.375,10.75,0.671849998,875,0.016,3.03125,5.375,9.875,14.5,16.8125,0.06904375,2263.312805,0.10249919,1.406802919,47.87135539,2.080664958,0.312877487,208.0664958,0.024576953,0.481341136,0.042414408,4.773189011,1.125462868,0.16845985,226.5686062,0.024576954,0.125,0.465474668,0.763762616,1.140175425,1.470544117,0.017098302,622.9880175,0.19026759,25.49500084,100,15,2.140799999,1500,1,3.293495655,0.334547907,20,13,1.152699947,1200,0.055599999,3.5,6,11.5,17,20,0.104099996,3258.500732,0.487842798,20.40699959,0,8,0.683300018,800,0.944400012,1.051260948,0.160123557,5,9,0.368000001,400,0,3,5,9,13,15,0.036499999,1157.799316,0.008851286,5.088001251,100,7,1.457499981,700,0.055599988,2.242234707,0.17442435,15,4,0.784699947,800,0.055599999,0.5,1,2.5,4,5,0.067599997,2100.701416,0.478991512,37.375569,-80.526578,1187.312744,1164.932686,0.007311799,-0.155900953,3.156664446,-0.034508338,0.455105121,1.315760411,0.7039902,0.823443099,0.602184077,0.474489357,0.158164097,0.064000615,1190.46106,1165.91394,0.998984754,0.952967525,4.149763107,0.215209961,0.551635742,1185.293945,1163.834961,-0.999458253,-0.913141847,2.14139843,-0.307495117,0.290969849,5.167114258,2.078979492,1.998443007,1.866109371,2.008364677,0.522705078,0.260665894,0,1,0,0,0
MLBS_071,MLBS,1.266740481,147.3317236,0.081668245,0.12078061,0.572675245,0.553659461,0.03403825,0.011483086,0.0722,0.0069,0.0653,0.137782956,0.743994355,2.364149022,-1.532955559,3.897104581,0.383437178,0.884994007,0.035575107,0.955263798,0.624089364,0.331174434,-0.019522044,0.021708513,0.10421286,-0.066730219,0.17094308,-0.025784094,0.009826896,-0.005,-0.059425,0.054425,0.508704514,0.054465299,0.694408322,0.32381835,0.370589972,0.137959383,0.046223498,0.263845,0.0334725,0.2303725,0.051931157,0.017640148,0.105718987,0.010601899,0.095117089,0.329694172,0.101014976,0.637406818,0.104955455,0.532451364,22.55706263,25,10.5,1.036131252,1050,0.985643752,1.59405636,0.215069582,14.875,10.0625,0.557924997,850,0.01435625,2.78125,5.5625,10,14.40625,17.21875,0.067431251,7538.36911,0.010802145,3.70497439,44.72135955,3.286335345,0.164718923,328.6335345,0.026145536,0.253415266,0.025149644,2.334523506,1.52616076,0.088697343,182.5741858,0.02614554,0.363719214,1.01447852,1.888562063,2.697027685,3.381167205,0.00859455,6118.813672,0.002921198,28.78000069,100,17,1.306800008,1700,1,2.010460615,0.259487182,18,13,0.703700006,1200,0.066699997,3,7,13,19,23,0.0801,23595.30078,0.017839197,18.1760006,0,7,0.808099985,700,0.933300018,1.243274212,0.166102782,11,8,0.435200006,500,0,2,4,8,11.5,14,0.050900001,3409.900391,0.006803206,10.60400009,100,10,0.498700023,1000,0.066699982,0.767186403,0.0933844,7,5,0.2685,700,0.066699997,1,3,5,7.5,9,0.029199999,20185.40039,0.011035991,37.376632,-80.524178,1192.104622,1169.547569,0.367030174,-0.209702167,0.80554042,-0.027143206,0.118440901,3.727429238,0.157646164,0.732062935,0.583225483,0.127226157,0.052164319,0.009940136,1198.29895,1169.871948,0.999668419,0.927170813,1.033522367,0.084228516,0.133361816,1187.616943,1169.270996,-0.970806837,-0.94851923,0.499118745,-0.105712891,0.102600098,10.68200684,0.600952148,1.970475256,1.875690043,0.534403622,0.189941406,0.030761719,0,1,0,0,0
MLBS_072,MLBS,1.932232009,186.6049646,0.126179518,0.124212752,0.570499968,0.537244835,0.033302094,0.011649512,0.06735,0.0038,0.06355,0.18226171,0.732877291,1.85188569,-1.709557621,3.561443311,0.363943557,0.891498419,0.032682575,0.959252971,0.584163347,0.375089625,-0.012297801,0.024332572,0.110539846,-0.073636364,0.184176209,-0.024155109,0.00951999,-0.002925,-0.0545,0.051575,0.556301983,0.059663484,0.719934102,0.336264322,0.38366978,0.138696319,0.044955869,0.265271667,0.026075833,0.239195833,0.050697267,0.017709907,0.105065823,0.007572152,0.097493671,0.341698986,0.101402066,0.588708182,0.079977273,0.508730909,22.05100024,50,9.375,1.119981244,937.5,0.97299375,1.723046135,0.223778344,14.9375,10.5625,0.603068752,931.25,0.02700625,2.9375,5.4375,9.9375,14.1875,16.75,0.0669875,1241.93766,0.01262253,1.321699619,51.63977795,2.418677324,0.267287761,241.8677324,0.028059709,0.411210495,0.059243073,3.872445394,1.31497782,0.143933681,279.8064807,0.028059709,0.25,0.478713554,0.727438428,0.963932916,1.238278375,0.017392484,347.8451743,0.002865225,24.03000069,100,16,1.470399976,1600,1,2.262163401,0.300369412,21,13,0.791800022,1400,0.0625,3,6,11,16,19,0.093900003,1783.500732,0.018468892,19.13899994,0,7,0.455799997,700,0.9375,0.701307476,0.107893482,6,9,0.245499998,400,0,2,5,8.5,12,15,0.026900001,564.7998657,0.008582363,4.891000748,100,9,1.014599979,900,0.0625,1.560855925,0.19247593,15,4,0.546300024,1000,0.0625,1,1,2.5,4,4,0.067000002,1218.700867,0.009886529,37.375296,-80.525227,1188.817001,1166.766006,-0.205510703,-0.418741293,2.643912666,-0.055618286,0.358744621,1.369786973,0.536969011,0.67255626,0.618264166,0.920791962,0.073753045,0.127823873,1190.552979,1167.973022,0.986026525,0.849378884,4.164225578,0.080444336,0.582244873,1186.291016,1165.827026,-0.994180441,-0.989132106,1.352224112,-0.162963867,0.18977356,4.261962891,2.145996094,1.980206966,1.83851099,2.812001467,0.243408203,0.392471313,0,1,0,0,0
MLBS_073,MLBS,1.458950833,179.8559459,0.084435087,0.098799627,0.305059473,0.299980617,0.030875031,0.009139462,0.07235,0.0055,0.06685,-0.071246304,0.547628603,1.604753451,-1.587065364,3.191818815,0.362099986,0.882925506,0.04329145,0.959012965,0.645511482,0.313501483,-0.014385236,0.01940453,0.077669903,-0.088388215,0.166058118,-0.022646203,0.007781236,-0.0035,-0.046725,0.043225,0.536264747,0.061671207,0.720231214,0.320992366,0.399238847,0.126214038,0.032647838,0.226918333,0.030191667,0.196726667,0.046805751,0.013107375,0.093744304,0.008279747,0.085464557,0.302728087,0.077583265,0.529346364,0.099578182,0.429768182,21.32275021,62.5,9.125,1.152662508,912.5,0.964749999,1.773306936,0.226135852,15.375,10.0625,0.620643752,862.5,0.03525,2.90625,5.0625,9.34375,13.625,15.875,0.06710625,1199.243622,0.01667615,0.932951029,50,2.093641166,0.157177247,209.3641166,0.028348615,0.24181523,0.050616672,3.896579697,0.997914492,0.08463065,212.5245084,0.028348615,0.271952815,0.25,0.569173377,0.866025404,0.806225775,0.016059077,311.3833392,0.003568543,22.72599983,100,14,1.405300021,1400,1,2.162023306,0.30937463,19,11,0.756699979,1200,0.0625,3,6,10,14.5,17,0.099699996,1799.300415,0.024140377,19.63199997,0,6,0.778400004,600,0.9375,1.197456598,0.15279372,5,8,0.419099987,400,0,2,5,8.5,12,14,0.043900002,683.3002319,0.010475739,3.093999863,100,8,0.626900017,800,0.0625,0.964566708,0.15658091,14,3,0.337599993,800,0.0625,1,1,1.5,2.5,3,0.055799995,1116.000183,0.013664638,37.378011,-80.525919,1192.293739,1170.970985,0.136161665,0.047020163,0.97746647,0.009658813,0.135679245,0.888671035,0.21125438,0.725868126,0.719477473,0.400036713,0.04885922,0.049682655,1193.767944,1171.302979,0.99339819,0.982108772,1.515971422,0.087524414,0.206375122,1190.630005,1170.547974,-0.911304235,-0.995151877,0.282052547,-0.069213867,0.055282593,3.137939453,0.755004883,1.904702425,1.977260649,1.233918875,0.156738281,0.151092529,0,1,0,0,0
MLBS_074,MLBS,0.506181712,71.42290614,0.013982706,0.097701117,0.4328405,0.39373396,0.031603963,0.009011142,0.06465,0.00715,0.0575,0.197676736,0.627417531,2.077713799,-1.466641212,3.54435501,0.370563268,0.901443258,0.03268696,0.957955088,0.67620961,0.281745478,-0.012536329,0.019465515,0.087719298,-0.067553736,0.155273034,-0.023243643,0.00792031,-0.00195,-0.048375,0.046425,0.56299826,0.053555578,0.73480315,0.355647156,0.379155994,0.1361366,0.036703803,0.255871667,0.043050833,0.212820833,0.048701941,0.013697131,0.090329114,0.012466456,0.077862658,0.345981656,0.088475435,0.606455,0.108183636,0.498271364,20.35925007,37.5,8.5,1.261731252,850,0.977918755,1.941133171,0.27296037,14.6875,9.3125,0.679393753,831.25,0.02208125,2.875,5.03125,8.8125,12.78125,15.03125,0.078431249,1057.76251,0.013657195,0.830767496,50,1.414213562,0.153928775,141.4213562,0.029468693,0.236816473,0.051012857,2.441823089,0.704154339,0.082884041,107.8192933,0.0294687,0.223606798,0.125,0.478713554,0.752080448,0.694472222,0.014127501,571.8630683,0.002025563,22.55599976,100,11,1.592100024,1100,1,2.449430943,0.374194682,19,10,0.857299984,1100,0.0625,3,5.5,10,14.5,17,0.099699996,2065.899658,0.017362587,19.18600082,0,6,1.00090003,600,0.9375,1.539801717,0.199164748,10,8,0.538900018,700,0,2.5,5,8,12,14,0.052499998,482.900238,0.010039547,3.369998932,100,5,0.591199994,500,0.0625,0.909629226,0.175029933,9,2,0.318399966,400,0.0625,0.5,0.5,2,2.5,3,0.047199998,1582.99942,0.007323041,37.377761,-80.524585,1190.318436,1169.959198,0.254294885,-0.202742134,0.462569468,-0.010879517,0.077214241,0.840084715,0.10322571,0.702901443,0.678066824,0.150083604,0.046593539,0.01883396,1192.44104,1170.105957,0.990928054,0.937843323,0.843960226,0.039672852,0.115509033,1189.18396,1169.779053,-0.988236606,-0.936914682,0.198649049,-0.115600586,0.053237915,3.257080078,0.326904297,1.97916466,1.874758005,0.645311177,0.155273438,0.062271118,0,1,0,0,0
MLBS_075,MLBS,1.360968219,141.8241957,0.102020884,0.172118459,0.71491849,0.488327445,0.037584938,0.010554428,0.0934,0.0053,0.0881,0.475795545,0.698724587,2.592798173,-1.382370135,3.975168308,0.383464231,0.888784473,0.035884533,0.938581798,0.591836735,0.346745063,-0.017868672,0.021247999,0.090909091,-0.080717489,0.17162658,-0.028833188,0.009779854,-0.00525,-0.0578,0.05255,0.541657778,0.057738766,0.702911468,0.311866428,0.391045039,0.158888492,0.041116996,0.286603333,0.048286667,0.238316667,0.057546422,0.015523227,0.127173418,0.013339241,0.113834177,0.380902291,0.099804239,0.670704545,0.119654545,0.55105,22.45449996,56.25,9.3125,1.077081256,931.25,0.97099375,1.657044604,0.220081436,15.375,11.3125,0.579968749,962.5,0.02900625,3.03125,5.53125,9.90625,14.5,16.9375,0.06551875,1164.587215,0.010990444,1.102780559,72.74384281,1.956825661,0.165365178,195.6825661,0.037483128,0.254415289,0.032957192,6.280923499,0.793200269,0.089053585,202.8957039,0.037483125,0.125,0.464354391,0.554338946,0.795822426,1.123610253,0.009694962,380.7230792,0.002412092,24.27199936,200,13,1.405799985,1300,1,2.162695646,0.295981437,21,13,0.756900012,1200,0.105300002,3.5,6,11,16,19,0.081799999,1707.099121,0.017318632,20.74200058,0,6,0.738099992,600,0.894699991,1.135454178,0.15865767,5,10,0.397399992,600,0,3,5,9,13,15,0.050000001,538.4002686,0.007944931,3.529998779,200,7,0.667699993,700,0.105300009,1.027241468,0.137323767,16,3,0.359500021,600,0.105300002,0.5,1,2,3,4,0.031799998,1168.698853,0.009373701,37.373399,-80.523552,1193.520378,1171.065872,0.156529168,-0.190378871,6.448930278,-0.176315308,0.928194046,1.655200596,1.277601195,0.798326607,0.603776533,2.367690362,0.348967427,0.308951207,1196.458008,1173.889038,0.999835134,0.906328857,10.16657925,0.330322266,1.346633911,1191.449951,1169.410034,-0.967274427,-0.998891592,3.20208621,-1.204345703,0.509597778,5.008056641,4.479003906,1.967109561,1.905220449,6.964493036,1.534667969,0.837036133,0,1,0,0,0
MLBS_076,MLBS,1.604057486,170.2221702,0.097298094,0.102345885,0.37165858,0.210265052,0.035792875,0.007218415,0.0749,0.0163,0.0586,0.401559925,0.458489854,1.598420069,-1.11322982,2.711649889,0.372663093,0.891352927,0.032863039,0.933980149,0.631601183,0.302378967,-0.019536829,0.015546311,0.035591274,-0.089902003,0.125493277,-0.027302891,0.0063998909999999996,-0.00595,-0.04925,0.0433,0.541828494,0.045338774,0.627503939,0.307944308,0.319559631,0.153578417,0.025306514,0.237700833,0.0696175,0.168083333,0.055553773,0.010120285,0.101435443,0.025178481,0.076256962,0.370729621,0.067846844,0.535440455,0.14915,0.386290455,20.28742872,57.14285714,9.928571429,1.236864294,992.8571429,0.96622857,1.902878284,0.258998611,13.14285714,9.214285714,0.666014288,692.8571429,0.033771429,2.821428571,5.107142857,9.107142857,12.75,15.07142857,0.074307143,7551.049983,0.099972063,1.156836852,51.3552591,2.368520659,0.187412683,236.8520659,0.030516413,0.288318635,0.059560935,4.2218687600000004,0.974961256,0.100914547,185.9043828,0.030516413,0.316661847,0.289467112,0.525451141,0.893351511,0.977775003,0.016568435,9625.668676,0.165722644,22.60499954,100,15,1.502699971,1500,1,2.311783075,0.370190203,18,11,0.809099972,1000,0.0625,3,6,10,14.5,17,0.093999997,23593.99805,0.406580061,19,0,6,0.933799982,600,0.9375,1.43662715,0.147526324,5,7,0.502799988,400,0,2,5,8.5,12,14,0.041299999,979.9993286,0.011625702,3.604999542,100,9,0.568899989,900,0.0625,0.875155926,0.222663879,13,4,0.306299984,600,0.0625,1,1,1.5,2.5,3,0.052699998,22613.99872,0.394954359,37.376386,-80.521186,1191.771136,1171.483704,0.234737757,0.365525578,1.274510007,0.012311663,0.146033151,1.139940317,0.213963691,0.702518174,0.609789637,0.342258607,0.044647675,0.011735116,1193.918945,1171.910034,0.996189713,0.984651864,2.115559101,0.075073242,0.164993286,1190.522949,1171.177002,-0.879319012,-0.79853338,0.924872518,-0.057495117,0.130508423,3.395996094,0.733032227,1.875508726,1.783185244,1.190686584,0.132568359,0.034484863,0,1,0,0,0
